"course","freq","dept","mean"
"AA 100",4,"AA",28
"AA 203",2,"AA",24
"AA 228",1,"AA",30
"AA 236A",1,"AA",18
"AA 241A",3,"AA",21
"AA 241B",1,"AA",10
"AA 241X",1,"AA",28
"AA 242A",2,"AA",65
"AA 271A",1,"AA",19
"AA 283",3,"AA",57
"ACCT 213",1,"ACCT",88
"AFRICAAM 106",1,"AFRICAAM",1
"AFRICAAM 157P",1,"AFRICAAM",1
"AFRICAAM 165",1,"AFRICAAM",2
"AFRICAAM 24",1,"AFRICAAM",1
"AFRICAAM 254D",1,"AFRICAAM",1
"AFRICAAM 34",1,"AFRICAAM",185
"AFRICAST 109",3,"AFRICAST",5
"AFRICAST 135",2,"AFRICAST",13
"AFRICAST 235",1,"AFRICAST",2
"AMSTUD 101",17,"AMSTUD",22
"AMSTUD 116",4,"AMSTUD",5
"AMSTUD 121",3,"AMSTUD",8
"AMSTUD 124A",3,"AMSTUD",42
"AMSTUD 150",1,"AMSTUD",21
"AMSTUD 150A",1,"AMSTUD",8
"AMSTUD 150B",1,"AMSTUD",10
"AMSTUD 150X",1,"AMSTUD",8
"AMSTUD 152K",1,"AMSTUD",2
"AMSTUD 155C",1,"AMSTUD",1
"AMSTUD 160",1,"AMSTUD",10
"AMSTUD 161",2,"AMSTUD",7
"AMSTUD 66",3,"AMSTUD",12
"ANES 70Q",5,"ANES",7
"ANTHRO 126",2,"ANTHRO",22
"ANTHRO 133B",1,"ANTHRO",11
"ANTHRO 138B",1,"ANTHRO",6
"ANTHRO 156B",1,"ANTHRO",10
"ANTHRO 171A",1,"ANTHRO",1
"ANTHRO 176",1,"ANTHRO",24
"ANTHRO 186",1,"ANTHRO",14
"ANTHRO 204",1,"ANTHRO",2
"ANTHRO 254B",1,"ANTHRO",3
"ANTHRO 262",1,"ANTHRO",16
"ANTHRO 276",1,"ANTHRO",6
"ANTHRO 4",1,"ANTHRO",8
"ANTHRO 41",6,"ANTHRO",20
"ANTHRO 82",1,"ANTHRO",58
"ANTHRO 96",1,"ANTHRO",1
"APPPHYS 203",1,"APPPHYS",9
"APPPHYS 205",1,"APPPHYS",10
"APPPHYS 206",3,"APPPHYS",15
"APPPHYS 207",4,"APPPHYS",12
"APPPHYS 219",1,"APPPHYS",11
"APPPHYS 272",1,"APPPHYS",16
"APPPHYS 293",9,"APPPHYS",41
"ARABLANG 1",5,"ARABLANG",31
"ARABLANG 1H",1,"ARABLANG",2
"ARABLANG 3",1,"ARABLANG",23
"ARCHLGY 102",1,"ARCHLGY",4
"ARCHLGY 102",1,"ARCHLGY",4
"ARCHLGY 118",2,"ARCHLGY",12
"ARCHLGY 118",2,"ARCHLGY",12
"ARCHLGY 151",1,"ARCHLGY",87
"ARCHLGY 151",1,"ARCHLGY",87
"ARTHIST 101",1,"ARTHIST",5
"ARTHIST 105B",6,"ARTHIST",20
"ARTHIST 109",2,"ARTHIST",10
"ARTHIST 118N",2,"ARTHIST",1
"ARTHIST 120",1,"ARTHIST",7
"ARTHIST 147",4,"ARTHIST",38
"ARTHIST 152",1,"ARTHIST",12
"ARTHIST 155C",2,"ARTHIST",150
"ARTHIST 160",2,"ARTHIST",44
"ARTHIST 164A",1,"ARTHIST",25
"ARTHIST 166",3,"ARTHIST",58
"ARTHIST 189C",1,"ARTHIST",3
"ARTHIST 1A",3,"ARTHIST",36
"ARTHIST 1B",2,"ARTHIST",178
"ARTHIST 212",1,"ARTHIST",3
"ARTHIST 217B",1,"ARTHIST",3
"ARTHIST 295",1,"ARTHIST",1
"ARTHIST 296",1,"ARTHIST",8
"ARTHIST 297",1,"ARTHIST",1
"ARTHIST 3",3,"ARTHIST",27
"ARTHIST 347",3,"ARTHIST",3
"ARTHIST 99A",1,"ARTHIST",11
"ARTSTUDI 130",4,"ARTSTUDI",11
"ARTSTUDI 140",15,"ARTSTUDI",34
"ARTSTUDI 145",3,"ARTSTUDI",17
"ARTSTUDI 155",2,"ARTSTUDI",9
"ARTSTUDI 160",8,"ARTSTUDI",36
"ARTSTUDI 170",13,"ARTSTUDI",35
"ARTSTUDI 173E",8,"ARTSTUDI",12
"ARTSTUDI 177",4,"ARTSTUDI",13
"ARTSTUDI 179",1,"ARTSTUDI",13
"ARTSTUDI 236",1,"ARTSTUDI",6
"ARTSTUDI 240",1,"ARTSTUDI",12
"ARTSTUDI 245",1,"ARTSTUDI",12
"ARTSTUDI 246",1,"ARTSTUDI",4
"ARTSTUDI 250",1,"ARTSTUDI",2
"ARTSTUDI 254",1,"ARTSTUDI",9
"ARTSTUDI 260",2,"ARTSTUDI",13
"ARTSTUDI 262",1,"ARTSTUDI",14
"ARTSTUDI 274",1,"ARTSTUDI",9
"ARTSTUDI 275",2,"ARTSTUDI",16
"ARTSTUDI 276",1,"ARTSTUDI",12
"ASNAMST 200R",1,"ASNAMST",1
"ATHLETIC 10",5,"ATHLETIC",29
"ATHLETIC 153V",4,"ATHLETIC",16
"ATHLETIC 180V",4,"ATHLETIC",9
"ATHLETIC 5C",1,"ATHLETIC",19
"ATHLETIC 75M",16,"ATHLETIC",6
"BIO 104",5,"BIO",74
"BIO 105B",1,"BIO",15
"BIO 107",1,"BIO",14
"BIO 109A",1,"BIO",25
"BIO 109B",3,"BIO",12
"BIO 113",2,"BIO",8
"BIO 117",1,"BIO",7
"BIO 118",1,"BIO",34
"BIO 126",2,"BIO",2
"BIO 128",3,"BIO",16
"BIO 129B",2,"BIO",14
"BIO 141",3,"BIO",46
"BIO 143",4,"BIO",38
"BIO 144",3,"BIO",29
"BIO 145",3,"BIO",15
"BIO 149",2,"BIO",9
"BIO 153",6,"BIO",26
"BIO 154",12,"BIO",51
"BIO 156",7,"BIO",52
"BIO 158",6,"BIO",118
"BIO 168",3,"BIO",15
"BIO 178",1,"BIO",5
"BIO 183",2,"BIO",6
"BIO 188",1,"BIO",43
"BIO 199",7,"BIO",52
"BIO 200",1,"BIO",13
"BIO 204",2,"BIO",12
"BIO 222",1,"BIO",12
"BIO 226",2,"BIO",4
"BIO 230",1,"BIO",37
"BIO 245",1,"BIO",5
"BIO 249",2,"BIO",2
"BIO 254",1,"BIO",15
"BIO 256",3,"BIO",23
"BIO 258",1,"BIO",7
"BIO 268",3,"BIO",5
"BIO 283",1,"BIO",6
"BIO 30",7,"BIO",25
"BIO 342",1,"BIO",3
"BIO 41",11,"BIO",247
"BIO 41A",1,"BIO",33
"BIO 42",7,"BIO",198
"BIO 43",7,"BIO",130
"BIO 44X",3,"BIO",202
"BIO 44Y",4,"BIO",250
"BIOC 109A",1,"BIOC",2
"BIOC 158",4,"BIOC",10
"BIOC 202",1,"BIOC",6
"BIOC 205",3,"BIOC",94
"BIOE 101",2,"BIOE",38
"BIOE 103",7,"BIOE",28
"BIOE 122",15,"BIOE",28
"BIOE 123",2,"BIOE",28
"BIOE 131",14,"BIOE",82
"BIOE 141A",1,"BIOE",23
"BIOE 220",1,"BIOE",10
"BIOE 226",2,"BIOE",2
"BIOE 231",1,"BIOE",10
"BIOE 260",2,"BIOE",30
"BIOE 300A",3,"BIOE",64
"BIOE 32Q",4,"BIOE",14
"BIOE 371",17,"BIOE",33
"BIOE 374A",1,"BIOE",5
"BIOE 374B",1,"BIOE",4
"BIOE 393",2,"BIOE",37
"BIOE 41",2,"BIOE",68
"BIOE 42",3,"BIOE",17
"BIOE 51",5,"BIOE",73
"BIOE 80",11,"BIOE",78
"BIOMEDIN 201",1,"BIOMEDIN",12
"BIOMEDIN 206",2,"BIOMEDIN",64
"BIOMEDIN 210",1,"BIOMEDIN",26
"BIOMEDIN 215",3,"BIOMEDIN",36
"BIOMEDIN 225",2,"BIOMEDIN",1
"BIOMEDIN 256",1,"BIOMEDIN",2
"BIOMEDIN 258",3,"BIOMEDIN",5
"BIOMEDIN 260",3,"BIOMEDIN",29
"BIOS 213",1,"BIOS",12
"CBIO 101",3,"CBIO",22
"CEE 101A",1,"CEE",24
"CEE 101B",3,"CEE",36
"CEE 112B",1,"CEE",2
"CEE 120A",2,"CEE",7
"CEE 130",1,"CEE",8
"CEE 131B",2,"CEE",7
"CEE 133F",2,"CEE",9
"CEE 151",37,"CEE",25
"CEE 155",1,"CEE",11
"CEE 156",1,"CEE",23
"CEE 176B",1,"CEE",56
"CEE 176D",1,"CEE",6
"CEE 177S",1,"CEE",19
"CEE 178",2,"CEE",2
"CEE 179X",2,"CEE",2
"CEE 205B",1,"CEE",21
"CEE 229",1,"CEE",7
"CEE 246",1,"CEE",40
"CEE 251",2,"CEE",25
"CEE 256",1,"CEE",23
"CEE 262C",3,"CEE",15
"CEE 263B",1,"CEE",25
"CEE 265A",1,"CEE",24
"CEE 265D",1,"CEE",22
"CEE 279X",1,"CEE",5
"CEE 301",3,"CEE",22
"CEE 306",1,"CEE",10
"CEE 31Q",3,"CEE",14
"CEE 63",3,"CEE",29
"CEE 64",6,"CEE",63
"CEE 70",7,"CEE",55
"CHEM 110",1,"CHEM",1
"CHEM 130",3,"CHEM",259
"CHEM 131",5,"CHEM",242
"CHEM 134",2,"CHEM",42
"CHEM 135",3,"CHEM",168
"CHEM 171",15,"CHEM",119
"CHEM 173",8,"CHEM",45
"CHEM 174",2,"CHEM",11
"CHEM 175",4,"CHEM",35
"CHEM 181",4,"CHEM",85
"CHEM 185",2,"CHEM",8
"CHEM 227",1,"CHEM",17
"CHEM 26N",5,"CHEM",13
"CHEM 271",1,"CHEM",32
"CHEM 31A",4,"CHEM",846
"CHEM 31AC",1,"CHEM",42
"CHEM 31B",3,"CHEM",748
"CHEM 31X",4,"CHEM",272
"CHEM 33",21,"CHEM",449
"CHEM 33C",1,"CHEM",45
"CHEM 35",14,"CHEM",362
"CHEM 36",1,"CHEM",76
"CHEMENG 100",2,"CHEMENG",33
"CHEMENG 110",1,"CHEMENG",30
"CHEMENG 130",1,"CHEMENG",35
"CHEMENG 142",3,"CHEMENG",18
"CHEMENG 162",4,"CHEMENG",18
"CHEMENG 174",1,"CHEMENG",4
"CHEMENG 180",1,"CHEMENG",42
"CHEMENG 181",5,"CHEMENG",64
"CHEMENG 183",1,"CHEMENG",20
"CHEMENG 242",2,"CHEMENG",31
"CHEMENG 25B",1,"CHEMENG",14
"CHEMENG 355",1,"CHEMENG",43
"CHEMENG 432",1,"CHEMENG",60
"CHILATST 164",2,"CHILATST",11
"CHINGEN 118",1,"CHINGEN",2
"CHINGEN 119",1,"CHINGEN",3
"CHINGEN 133",3,"CHINGEN",18
"CHINGEN 137",1,"CHINGEN",8
"CHINGEN 150",1,"CHINGEN",28
"CHINGEN 196",1,"CHINGEN",3
"CHINGEN 219",1,"CHINGEN",4
"CHINGEN 73N",2,"CHINGEN",4
"CHINLANG 1",24,"CHINLANG",24
"CHINLANG 101",2,"CHINLANG",16
"CHINLANG 102",1,"CHINLANG",17
"CHINLANG 2",5,"CHINLANG",31
"CHINLANG 21",2,"CHINLANG",35
"CHINLANG 22",2,"CHINLANG",34
"CHINLANG 23",1,"CHINLANG",30
"CHINLANG 3",4,"CHINLANG",55
"CHINLIT 205",1,"CHINLIT",4
"CLASSICS 136",2,"CLASSICS",2
"CLASSICS 13L",2,"CLASSICS",12
"CLASSICS 142",1,"CLASSICS",8
"CLASSICS 151",2,"CLASSICS",109
"CLASSICS 168",2,"CLASSICS",9
"CLASSICS 16N",1,"CLASSICS",4
"CLASSICS 201L",1,"CLASSICS",12
"CLASSICS 237",4,"CLASSICS",1
"CLASSICS 28N",2,"CLASSICS",4
"CLASSICS 31",13,"CLASSICS",49
"CLASSICS 35",6,"CLASSICS",25
"CLASSICS 3G",1,"CLASSICS",5
"CLASSICS 52",1,"CLASSICS",2
"CLASSICS 54",1,"CLASSICS",1
"CLASSICS 83",1,"CLASSICS",12
"CLASSICS 84",3,"CLASSICS",10
"CME 100",26,"CME",192
"CME 102",6,"CME",87
"CME 103",1,"CME",19
"CME 104",19,"CME",84
"CME 106",7,"CME",148
"CME 108",3,"CME",25
"CME 151",6,"CME",24
"CME 181",3,"CME",4
"CME 192",3,"CME",53
"CME 193",3,"CME",49
"CME 194",1,"CME",18
"CME 195",2,"CME",13
"CME 200",2,"CME",71
"CME 204",2,"CME",43
"CME 206",8,"CME",13
"CME 211",3,"CME",89
"CME 212",1,"CME",51
"CME 213",5,"CME",40
"CME 214",3,"CME",5
"CME 215A",1,"CME",1
"CME 250",7,"CME",100
"CME 263",3,"CME",6
"CME 302",4,"CME",79
"CME 303",1,"CME",35
"CME 304",2,"CME",29
"CME 305",1,"CME",42
"CME 306",2,"CME",30
"CME 308",4,"CME",63
"CME 323",2,"CME",66
"CME 336",1,"CME",3
"COMM 104W",1,"COMM",12
"COMM 108",6,"COMM",94
"COMM 123",2,"COMM",5
"COMM 130N",4,"COMM",7
"COMM 133",2,"COMM",8
"COMM 135",2,"COMM",1
"COMM 140",2,"COMM",20
"COMM 142W",3,"COMM",49
"COMM 166",1,"COMM",106
"COMM 169",6,"COMM",161
"COMM 172",15,"COMM",65
"COMM 177A",1,"COMM",3
"COMM 199",2,"COMM",13
"COMM 208",1,"COMM",16
"COMM 211",1,"COMM",8
"COMPLIT 10N",2,"COMPLIT",10
"COMPLIT 11Q",1,"COMPLIT",12
"COMPLIT 121",1,"COMPLIT",11
"COMPLIT 145B",2,"COMPLIT",2
"COMPLIT 151B",1,"COMPLIT",2
"COMPLIT 222A",1,"COMPLIT",4
"COMPLIT 223",2,"COMPLIT",12
"COMPLIT 229",3,"COMPLIT",6
"COMPLIT 247",1,"COMPLIT",10
"COMPLIT 368A",1,"COMPLIT",4
"COMPMED 80N",1,"COMPMED",14
"COMPMED 81N",1,"COMPMED",12
"COMPMED 84Q",8,"COMPMED",12
"COMPMED 85N",2,"COMPMED",5
"COMPMED 88Q",1,"COMPMED",9
"CS 101",8,"CS",108
"CS 103",45,"CS",304
"CS 103A",11,"CS",65
"CS 105",8,"CS",104
"CS 106A",89,"CS",538
"CS 106B",55,"CS",411
"CS 106L",51,"CS",70
"CS 106X",14,"CS",77
"CS 107",79,"CS",251
"CS 107E",10,"CS",22
"CS 108",7,"CS",121
"CS 109",49,"CS",154
"CS 109L",8,"CS",19
"CS 110",39,"CS",189
"CS 122",3,"CS",60
"CS 124",11,"CS",214
"CS 131",2,"CS",49
"CS 140",17,"CS",142
"CS 142",13,"CS",292
"CS 143",30,"CS",124
"CS 144",9,"CS",135
"CS 145",19,"CS",274
"CS 147",12,"CS",198
"CS 148",11,"CS",102
"CS 149",6,"CS",74
"CS 154",9,"CS",77
"CS 155",41,"CS",329
"CS 157",13,"CS",59
"CS 161",77,"CS",358
"CS 168",10,"CS",84
"CS 170",3,"CS",7
"CS 181",4,"CS",31
"CS 181W",16,"CS",80
"CS 183B",1,"CS",221
"CS 190",5,"CS",19
"CS 193P",2,"CS",107
"CS 193W",4,"CS",11
"CS 194",5,"CS",48
"CS 194H",1,"CS",16
"CS 194W",2,"CS",14
"CS 196",5,"CS",22
"CS 199",6,"CS",41
"CS 1C",2,"CS",205
"CS 1U",13,"CS",41
"CS 204",3,"CS",5
"CS 205A",12,"CS",104
"CS 211",1,"CS",20
"CS 221",28,"CS",375
"CS 223A",9,"CS",84
"CS 224D",7,"CS",173
"CS 224N",9,"CS",139
"CS 224U",17,"CS",90
"CS 224W",10,"CS",205
"CS 225A",5,"CS",26
"CS 227B",22,"CS",66
"CS 228",10,"CS",182
"CS 229",32,"CS",769
"CS 229T",5,"CS",31
"CS 231A",7,"CS",157
"CS 231B",3,"CS",24
"CS 231M",4,"CS",28
"CS 231N",1,"CS",152
"CS 232",4,"CS",14
"CS 239",1,"CS",2
"CS 240",4,"CS",48
"CS 242",5,"CS",91
"CS 243",2,"CS",47
"CS 244",2,"CS",54
"CS 244B",5,"CS",86
"CS 244E",1,"CS",5
"CS 245",4,"CS",141
"CS 246",18,"CS",338
"CS 246H",1,"CS",149
"CS 247",6,"CS",110
"CS 248",4,"CS",44
"CS 249A",7,"CS",48
"CS 254",3,"CS",24
"CS 255",7,"CS",143
"CS 259D",5,"CS",21
"CS 261",10,"CS",78
"CS 262",5,"CS",42
"CS 263",2,"CS",11
"CS 264",2,"CS",15
"CS 267",4,"CS",24
"CS 270",6,"CS",21
"CS 272",1,"CS",7
"CS 273A",1,"CS",30
"CS 274",6,"CS",69
"CS 275",4,"CS",7
"CS 276",18,"CS",184
"CS 294S",3,"CS",24
"CS 2C",29,"CS",71
"CS 323",3,"CS",15
"CS 327A",2,"CS",14
"CS 341",1,"CS",24
"CS 346",6,"CS",15
"CS 347",11,"CS",39
"CS 348B",5,"CS",32
"CS 373",1,"CS",15
"CS 374",4,"CS",20
"CS 376",6,"CS",49
"CS 377D",1,"CS",18
"CS 379C",2,"CS",17
"CS 399",1,"CS",41
"CS 42",15,"CS",162
"CS 427",2,"CS",36
"CS 476A",1,"CS",13
"CS 499",1,"CS",82
"CS 546",1,"CS",33
"CS 547",42,"CS",86
"CS 54N",2,"CS",16
"CS 81N",3,"CS",15
"CS 9",5,"CS",102
"CS 91SI",4,"CS",18
"CSB 240A",2,"CSB",27
"CSB 240B",1,"CSB",14
"CSB 245",1,"CSB",20
"CSRE 103B",2,"CSRE",1
"CSRE 108",1,"CSRE",2
"CSRE 121",1,"CSRE",3
"CSRE 123B",1,"CSRE",3
"CSRE 129B",2,"CSRE",1
"CSRE 162",2,"CSRE",2
"CSRE 177G",1,"CSRE",1
"CSRE 184C",1,"CSRE",3
"CSRE 200X",1,"CSRE",21
"CSRE 246",1,"CSRE",5
"CSRE 36",1,"CSRE",7
"CSRE 41A",1,"CSRE",2
"CSRE 65M",1,"CSRE",1
"CSRE 84",1,"CSRE",1
"CTL 120",9,"CTL",20
"DANCE 100",1,"DANCE",8
"DANCE 146",19,"DANCE",45
"DANCE 156",12,"DANCE",46
"DANCE 24",1,"DANCE",1
"DANCE 28",1,"DANCE",15
"DANCE 39",3,"DANCE",20
"DANCE 45",3,"DANCE",22
"DANCE 46",83,"DANCE",103
"DANCE 48",1,"DANCE",24
"DBIO 210",1,"DBIO",25
"DERM 309A",1,"DERM",1
"DLCL 121",1,"DLCL",4
"DLCL 202",2,"DLCL",6
"EARTHSYS 10",8,"EARTHSYS",199
"EARTHSYS 102",9,"EARTHSYS",41
"EARTHSYS 104",1,"EARTHSYS",17
"EARTHSYS 105B",1,"EARTHSYS",4
"EARTHSYS 111",1,"EARTHSYS",55
"EARTHSYS 112",1,"EARTHSYS",51
"EARTHSYS 113",4,"EARTHSYS",35
"EARTHSYS 117",1,"EARTHSYS",9
"EARTHSYS 121",1,"EARTHSYS",10
"EARTHSYS 129",1,"EARTHSYS",5
"EARTHSYS 180B",5,"EARTHSYS",28
"EARTHSYS 185",2,"EARTHSYS",38
"EARTHSYS 260",2,"EARTHSYS",20
"EARTHSYS 268",2,"EARTHSYS",9
"EARTHSYS 30",9,"EARTHSYS",40
"EARTHSYS 4",3,"EARTHSYS",1
"EARTHSYS 56Q",1,"EARTHSYS",5
"EASTASN 162",1,"EASTASN",2
"EASTASN 97",1,"EASTASN",2
"ECON 1",23,"ECON",214
"ECON 10",2,"ECON",9
"ECON 101",4,"ECON",41
"ECON 102A",6,"ECON",157
"ECON 102B",18,"ECON",90
"ECON 102C",3,"ECON",30
"ECON 106",10,"ECON",37
"ECON 110",2,"ECON",22
"ECON 111",6,"ECON",68
"ECON 116",11,"ECON",69
"ECON 118",4,"ECON",69
"ECON 12",2,"ECON",21
"ECON 121",3,"ECON",15
"ECON 124",2,"ECON",15
"ECON 125",3,"ECON",14
"ECON 126",1,"ECON",42
"ECON 127",2,"ECON",11
"ECON 128",2,"ECON",22
"ECON 135",1,"ECON",32
"ECON 137",2,"ECON",75
"ECON 140",11,"ECON",110
"ECON 141",8,"ECON",71
"ECON 143",4,"ECON",55
"ECON 146",1,"ECON",43
"ECON 149",3,"ECON",40
"ECON 150",6,"ECON",6
"ECON 160",3,"ECON",137
"ECON 166",1,"ECON",14
"ECON 180",3,"ECON",25
"ECON 182",3,"ECON",13
"ECON 183",1,"ECON",14
"ECON 18C",1,"ECON",18
"ECON 190",1,"ECON",90
"ECON 191",1,"ECON",62
"ECON 198",1,"ECON",15
"ECON 202",1,"ECON",34
"ECON 202N",1,"ECON",29
"ECON 203N",1,"ECON",10
"ECON 204",1,"ECON",41
"ECON 233",1,"ECON",11
"ECON 241",1,"ECON",19
"ECON 246",1,"ECON",6
"ECON 250",1,"ECON",3
"ECON 270",1,"ECON",30
"ECON 286",1,"ECON",9
"ECON 291",1,"ECON",35
"ECON 335",1,"ECON",2
"ECON 49",5,"ECON",3
"ECON 5",2,"ECON",59
"ECON 50",10,"ECON",232
"ECON 51",18,"ECON",116
"ECON 52",7,"ECON",90
"EDUC 100C",1,"EDUC",23
"EDUC 101",3,"EDUC",58
"EDUC 102",1,"EDUC",10
"EDUC 103B",9,"EDUC",23
"EDUC 111",1,"EDUC",30
"EDUC 112X",1,"EDUC",32
"EDUC 116N",7,"EDUC",2
"EDUC 117",1,"EDUC",3
"EDUC 118S",3,"EDUC",22
"EDUC 139X",3,"EDUC",4
"EDUC 171",3,"EDUC",9
"EDUC 177A",1,"EDUC",10
"EDUC 177C",1,"EDUC",3
"EDUC 178X",3,"EDUC",5
"EDUC 180",2,"EDUC",32
"EDUC 183X",1,"EDUC",5
"EDUC 192A",1,"EDUC",348
"EDUC 192B",2,"EDUC",122
"EDUC 193A",22,"EDUC",74
"EDUC 193B",1,"EDUC",1
"EDUC 193P",5,"EDUC",21
"EDUC 193S",9,"EDUC",13
"EDUC 197",3,"EDUC",37
"EDUC 216",1,"EDUC",8
"EDUC 239X",1,"EDUC",6
"EDUC 246C",1,"EDUC",62
"EDUC 246D",1,"EDUC",63
"EDUC 250B",1,"EDUC",61
"EDUC 250C",1,"EDUC",14
"EDUC 255B",1,"EDUC",18
"EDUC 255C",1,"EDUC",16
"EDUC 256",2,"EDUC",25
"EDUC 260X",1,"EDUC",1
"EDUC 263F",2,"EDUC",40
"EDUC 266X",2,"EDUC",13
"EDUC 275X",1,"EDUC",12
"EDUC 281X",2,"EDUC",42
"EDUC 283",1,"EDUC",23
"EDUC 284",1,"EDUC",93
"EDUC 288",1,"EDUC",7
"EDUC 302",3,"EDUC",12
"EDUC 306B",1,"EDUC",22
"EDUC 322",1,"EDUC",3
"EDUC 323A",4,"EDUC",24
"EDUC 342",3,"EDUC",24
"EDUC 351A",1,"EDUC",4
"EDUC 355X",2,"EDUC",6
"EDUC 365",1,"EDUC",10
"EDUC 391X",1,"EDUC",10
"EDUC 401B",1,"EDUC",22
"EDUC 401C",1,"EDUC",12
"EDUC 401D",1,"EDUC",7
"EDUC 404X",1,"EDUC",5
"EDUC 407X",1,"EDUC",14
"EDUC 419X",3,"EDUC",5
"EDUC 445X",1,"EDUC",13
"EDUC 447X",1,"EDUC",20
"EDUC 493",1,"EDUC",6
"EE 101A",7,"EE",98
"EE 101B",15,"EE",53
"EE 102A",4,"EE",99
"EE 102B",5,"EE",40
"EE 103",4,"EE",33
"EE 108",5,"EE",32
"EE 109",2,"EE",15
"EE 114",2,"EE",12
"EE 116",5,"EE",24
"EE 118",3,"EE",8
"EE 122A",1,"EE",20
"EE 122B",2,"EE",5
"EE 134",6,"EE",15
"EE 142",3,"EE",24
"EE 168",5,"EE",15
"EE 169",1,"EE",17
"EE 178",10,"EE",20
"EE 17N",4,"EE",17
"EE 180",1,"EE",55
"EE 204",2,"EE",47
"EE 212",1,"EE",32
"EE 213",6,"EE",27
"EE 214A",2,"EE",66
"EE 214B",3,"EE",67
"EE 216",3,"EE",30
"EE 222",4,"EE",68
"EE 223",6,"EE",37
"EE 228",3,"EE",21
"EE 236B",2,"EE",26
"EE 236C",2,"EE",19
"EE 242",4,"EE",29
"EE 243",1,"EE",12
"EE 253",1,"EE",22
"EE 261",5,"EE",91
"EE 263",10,"EE",171
"EE 264",3,"EE",45
"EE 266",3,"EE",27
"EE 271",2,"EE",56
"EE 278",2,"EE",54
"EE 282",2,"EE",44
"EE 287A",1,"EE",7
"EE 290C",1,"EE",1
"EE 292B",1,"EE",23
"EE 292I",4,"EE",60
"EE 303",1,"EE",10
"EE 314A",3,"EE",47
"EE 314B",1,"EE",12
"EE 315A",2,"EE",31
"EE 327",1,"EE",17
"EE 340",1,"EE",39
"EE 364A",7,"EE",191
"EE 364B",4,"EE",43
"EE 368",2,"EE",60
"EE 369A",2,"EE",18
"EE 369B",7,"EE",17
"EE 376A",3,"EE",45
"EE 376B",1,"EE",5
"EE 378B",1,"EE",30
"EE 380",8,"EE",23
"EE 392I",2,"EE",49
"EE 392Q",2,"EE",9
"EE 396",1,"EE",8
"EE 402T",1,"EE",20
"EE 410",2,"EE",10
"EE 46",7,"EE",22
"EE 65",8,"EE",86
"EESS 211",3,"EESS",32
"EESS 280B",1,"EESS",18
"EESS 282",1,"EESS",3
"EESS 301",1,"EESS",9
"EESS 46N",3,"EESS",11
"ENERGY 101A",1,"ENERGY",20
"ENERGY 102",10,"ENERGY",27
"ENERGY 104",2,"ENERGY",44
"ENERGY 110",1,"ENERGY",13
"ENERGY 171",4,"ENERGY",16
"ENERGY 271",3,"ENERGY",19
"ENGLISH 100A",1,"ENGLISH",105
"ENGLISH 100C",2,"ENGLISH",74
"ENGLISH 102",1,"ENGLISH",12
"ENGLISH 106E",1,"ENGLISH",4
"ENGLISH 111B",1,"ENGLISH",12
"ENGLISH 113L",1,"ENGLISH",1
"ENGLISH 115A",1,"ENGLISH",19
"ENGLISH 121",6,"ENGLISH",6
"ENGLISH 124",1,"ENGLISH",12
"ENGLISH 146",4,"ENGLISH",141
"ENGLISH 146C",2,"ENGLISH",58
"ENGLISH 152G",1,"ENGLISH",12
"ENGLISH 153A",1,"ENGLISH",14
"ENGLISH 157G",1,"ENGLISH",6
"ENGLISH 160",2,"ENGLISH",31
"ENGLISH 18SI",1,"ENGLISH",18
"ENGLISH 190",1,"ENGLISH",15
"ENGLISH 190F",1,"ENGLISH",26
"ENGLISH 191",1,"ENGLISH",6
"ENGLISH 21",5,"ENGLISH",16
"ENGLISH 234G",1,"ENGLISH",2
"ENGLISH 250",1,"ENGLISH",13
"ENGLISH 290",1,"ENGLISH",12
"ENGLISH 303C",2,"ENGLISH",6
"ENGLISH 398",2,"ENGLISH",29
"ENGLISH 47N",5,"ENGLISH",16
"ENGLISH 90",110,"ENGLISH",70
"ENGLISH 91",13,"ENGLISH",40
"ENGLISH 92",11,"ENGLISH",29
"ENGLISH 94",3,"ENGLISH",14
"ENGLISH 9CE",14,"ENGLISH",34
"ENGLISH 9CT",1,"ENGLISH",6
"ENGR 10",10,"ENGR",102
"ENGR 100",1,"ENGR",5
"ENGR 103",7,"ENGR",119
"ENGR 105",6,"ENGR",64
"ENGR 110",1,"ENGR",24
"ENGR 131",8,"ENGR",30
"ENGR 14",17,"ENGR",83
"ENGR 140A",1,"ENGR",12
"ENGR 145",8,"ENGR",61
"ENGR 15",9,"ENGR",72
"ENGR 154",3,"ENGR",5
"ENGR 155A",1,"ENGR",2
"ENGR 159Q",1,"ENGR",11
"ENGR 20",3,"ENGR",18
"ENGR 205",1,"ENGR",61
"ENGR 207B",2,"ENGR",16
"ENGR 209A",1,"ENGR",24
"ENGR 25B",16,"ENGR",50
"ENGR 298",3,"ENGR",20
"ENGR 30",13,"ENGR",61
"ENGR 311B",1,"ENGR",60
"ENGR 40",8,"ENGR",88
"ENGR 40A",1,"ENGR",65
"ENGR 40M",28,"ENGR",205
"ENGR 50",26,"ENGR",50
"ENGR 50E",5,"ENGR",59
"ENGR 62",3,"ENGR",24
"ENGR 70A",1,"ENGR",7
"ENGR 80",6,"ENGR",40
"ENGR 90",3,"ENGR",73
"ENVRES 200",1,"ENVRES",3
"ENVRES 380",4,"ENVRES",23
"ESF 50",2,"ESF",4
"ETHICSOC 136R",1,"ETHICSOC",14
"ETHICSOC 170",1,"ETHICSOC",3
"ETHICSOC 171",1,"ETHICSOC",21
"ETHICSOC 180M",2,"ETHICSOC",3
"ETHICSOC 234R",5,"ETHICSOC",11
"FAMMED 244",1,"FAMMED",8
"FEMGEN 101",2,"FEMGEN",60
"FEMGEN 123",1,"FEMGEN",3
"FEMGEN 130",1,"FEMGEN",8
"FEMGEN 140D",1,"FEMGEN",15
"FEMGEN 161",2,"FEMGEN",5
"FEMGEN 212",1,"FEMGEN",1
"FEMGEN 260",2,"FEMGEN",3
"FEMGEN 293B",1,"FEMGEN",3
"FILMPROD 101",3,"FILMPROD",17
"FILMPROD 106",1,"FILMPROD",11
"FILMPROD 114",13,"FILMPROD",10
"FILMSTUD 100C",3,"FILMSTUD",33
"FILMSTUD 250B",9,"FILMSTUD",8
"FILMSTUD 290",1,"FILMSTUD",6
"FILMSTUD 4",3,"FILMSTUD",64
"FINANCE 121",1,"FINANCE",8
"FINANCE 204",1,"FINANCE",90
"FINANCE 214",1,"FINANCE",83
"FRENCH 130",1,"FRENCH",5
"FRENCH 206",1,"FRENCH",6
"FRENLANG 1",1,"FRENLANG",17
"FRENLANG 1A",1,"FRENLANG",11
"FRENLANG 20C",1,"FRENLANG",8
"FRENLANG 21C",2,"FRENLANG",22
"FRENLANG 22C",1,"FRENLANG",13
"FRENLANG 23C",1,"FRENLANG",12
"FRENLANG 2A",1,"FRENLANG",15
"FRENLANG 3",2,"FRENLANG",32
"FRENLANG 60B",3,"FRENLANG",10
"FRENLANG 60D",13,"FRENLANG",47
"FRENLANG 60E",24,"FRENLANG",22
"FRENLANG 60F",2,"FRENLANG",15
"GENE 202",2,"GENE",99
"GENE 205",1,"GENE",43
"GENE 284",1,"GENE",14
"GEOPHYS 90",1,"GEOPHYS",5
"GERLANG 1",3,"GERLANG",31
"GERLANG 11P",1,"GERLANG",7
"GERLANG 20A",1,"GERLANG",4
"GERLANG 20C",3,"GERLANG",6
"GERLANG 20J",1,"GERLANG",26
"GERLANG 20K",1,"GERLANG",12
"GERLANG 21",1,"GERLANG",7
"GERLANG 3",2,"GERLANG",22
"GERMAN 223",1,"GERMAN",5
"GERMAN 88",3,"GERMAN",15
"GES 104",2,"GES",9
"GES 131",1,"GES",4
"GES 184",1,"GES",11
"GES 1A",1,"GES",73
"GES 4",2,"GES",21
"GLOBAL 250",4,"GLOBAL",5
"GSBGEN 111Q",2,"GSBGEN",20
"GSBGEN 113N",3,"GSBGEN",14
"GSBGEN 202",1,"GSBGEN",410
"GSBGEN 208",3,"GSBGEN",410
"GSBGEN 306",1,"GSBGEN",136
"GSBGEN 314",2,"GSBGEN",12
"GSBGEN 392",5,"GSBGEN",17
"GSBGEN 541",1,"GSBGEN",22
"GSBGEN 554",1,"GSBGEN",32
"GSBGEN 576",1,"GSBGEN",58
"HISTORY 102",23,"HISTORY",68
"HISTORY 102A",3,"HISTORY",14
"HISTORY 103D",1,"HISTORY",2
"HISTORY 103E",1,"HISTORY",10
"HISTORY 106A",49,"HISTORY",35
"HISTORY 10B",13,"HISTORY",10
"HISTORY 110B",4,"HISTORY",8
"HISTORY 116N",4,"HISTORY",8
"HISTORY 13",4,"HISTORY",18
"HISTORY 130A",1,"HISTORY",22
"HISTORY 145B",2,"HISTORY",4
"HISTORY 146",1,"HISTORY",7
"HISTORY 147",3,"HISTORY",57
"HISTORY 150C",3,"HISTORY",20
"HISTORY 151",9,"HISTORY",19
"HISTORY 152",1,"HISTORY",2
"HISTORY 152E",4,"HISTORY",6
"HISTORY 154D",1,"HISTORY",6
"HISTORY 161",2,"HISTORY",11
"HISTORY 165D",1,"HISTORY",2
"HISTORY 177D",2,"HISTORY",21
"HISTORY 182C",2,"HISTORY",9
"HISTORY 184",3,"HISTORY",10
"HISTORY 193",3,"HISTORY",8
"HISTORY 194B",1,"HISTORY",6
"HISTORY 195",1,"HISTORY",4
"HISTORY 198",1,"HISTORY",21
"HISTORY 1A",2,"HISTORY",22
"HISTORY 1B",2,"HISTORY",43
"HISTORY 201A",4,"HISTORY",20
"HISTORY 202G",2,"HISTORY",15
"HISTORY 203K",1,"HISTORY",2
"HISTORY 204",2,"HISTORY",4
"HISTORY 204E",5,"HISTORY",6
"HISTORY 20A",1,"HISTORY",1
"HISTORY 222",1,"HISTORY",3
"HISTORY 227D",1,"HISTORY",1
"HISTORY 228",2,"HISTORY",2
"HISTORY 234",1,"HISTORY",8
"HISTORY 234G",3,"HISTORY",3
"HISTORY 235C",1,"HISTORY",4
"HISTORY 237K",2,"HISTORY",4
"HISTORY 238E",2,"HISTORY",4
"HISTORY 246E",3,"HISTORY",6
"HISTORY 25",1,"HISTORY",5
"HISTORY 252B",1,"HISTORY",2
"HISTORY 254",1,"HISTORY",20
"HISTORY 255E",1,"HISTORY",2
"HISTORY 257C",1,"HISTORY",2
"HISTORY 260",2,"HISTORY",15
"HISTORY 264G",3,"HISTORY",12
"HISTORY 274E",1,"HISTORY",8
"HISTORY 282F",1,"HISTORY",3
"HISTORY 292D",1,"HISTORY",3
"HISTORY 293B",1,"HISTORY",1
"HISTORY 293D",1,"HISTORY",9
"HISTORY 297F",4,"HISTORY",2
"HISTORY 3",3,"HISTORY",144
"HISTORY 301A",1,"HISTORY",4
"HISTORY 303C",1,"HISTORY",1
"HISTORY 305",1,"HISTORY",14
"HISTORY 307E",1,"HISTORY",3
"HISTORY 30N",1,"HISTORY",11
"HISTORY 31",1,"HISTORY",8
"HISTORY 312",2,"HISTORY",3
"HISTORY 324C",2,"HISTORY",1
"HISTORY 330F",1,"HISTORY",3
"HISTORY 345B",1,"HISTORY",5
"HISTORY 36N",3,"HISTORY",25
"HISTORY 393D",1,"HISTORY",3
"HISTORY 40",2,"HISTORY",31
"HISTORY 40S",1,"HISTORY",6
"HISTORY 41Q",1,"HISTORY",15
"HISTORY 44",2,"HISTORY",3
"HISTORY 45B",7,"HISTORY",5
"HISTORY 47",2,"HISTORY",21
"HISTORY 4N",2,"HISTORY",15
"HISTORY 50C",8,"HISTORY",45
"HISTORY 50N",2,"HISTORY",16
"HISTORY 65D",3,"HISTORY",4
"HISTORY 70",1,"HISTORY",7
"HISTORY 72S",6,"HISTORY",13
"HISTORY 78N",7,"HISTORY",8
"HISTORY 82C",3,"HISTORY",11
"HISTORY 84",1,"HISTORY",3
"HISTORY 93",1,"HISTORY",10
"HISTORY 95",3,"HISTORY",8
"HRMGT 302",1,"HRMGT",80
"HRP 205",5,"HRP",17
"HRP 238",1,"HRP",7
"HRP 252",1,"HRP",27
"HRP 258",3,"HRP",44
"HUMBIO 113",6,"HUMBIO",6
"HUMBIO 11SI",3,"HUMBIO",20
"HUMBIO 120",10,"HUMBIO",96
"HUMBIO 120A",3,"HUMBIO",13
"HUMBIO 121",34,"HUMBIO",122
"HUMBIO 121E",7,"HUMBIO",24
"HUMBIO 122",1,"HUMBIO",14
"HUMBIO 122M",1,"HUMBIO",6
"HUMBIO 122S",1,"HUMBIO",110
"HUMBIO 123",1,"HUMBIO",26
"HUMBIO 124C",7,"HUMBIO",39
"HUMBIO 124E",2,"HUMBIO",26
"HUMBIO 125",6,"HUMBIO",31
"HUMBIO 126",1,"HUMBIO",60
"HUMBIO 128",4,"HUMBIO",28
"HUMBIO 129",2,"HUMBIO",34
"HUMBIO 129S",17,"HUMBIO",95
"HUMBIO 12SI",5,"HUMBIO",9
"HUMBIO 130",13,"HUMBIO",97
"HUMBIO 133",1,"HUMBIO",64
"HUMBIO 139E",1,"HUMBIO",45
"HUMBIO 141",1,"HUMBIO",5
"HUMBIO 142",2,"HUMBIO",39
"HUMBIO 144",1,"HUMBIO",24
"HUMBIO 149",2,"HUMBIO",15
"HUMBIO 151R",2,"HUMBIO",8
"HUMBIO 153",2,"HUMBIO",29
"HUMBIO 154A",1,"HUMBIO",21
"HUMBIO 154B",1,"HUMBIO",16
"HUMBIO 154C",1,"HUMBIO",32
"HUMBIO 155H",1,"HUMBIO",17
"HUMBIO 157",3,"HUMBIO",62
"HUMBIO 158",1,"HUMBIO",4
"HUMBIO 158G",1,"HUMBIO",7
"HUMBIO 159",2,"HUMBIO",14
"HUMBIO 161",2,"HUMBIO",7
"HUMBIO 165",2,"HUMBIO",29
"HUMBIO 167",1,"HUMBIO",8
"HUMBIO 170",2,"HUMBIO",28
"HUMBIO 174",7,"HUMBIO",89
"HUMBIO 175",1,"HUMBIO",27
"HUMBIO 175H",2,"HUMBIO",8
"HUMBIO 175L",2,"HUMBIO",16
"HUMBIO 176",2,"HUMBIO",12
"HUMBIO 176A",1,"HUMBIO",10
"HUMBIO 197",6,"HUMBIO",61
"HUMBIO 25SI",1,"HUMBIO",9
"HUMBIO 29A",1,"HUMBIO",15
"HUMBIO 2A",3,"HUMBIO",397
"HUMBIO 3A",3,"HUMBIO",346
"HUMBIO 3B",2,"HUMBIO",332
"HUMBIO 3Y",2,"HUMBIO",5
"HUMBIO 4A",29,"HUMBIO",332
"HUMBIO 4B",21,"HUMBIO",324
"HUMBIO 5E",1,"HUMBIO",7
"HUMBIO 79Q",1,"HUMBIO",14
"HUMBIO 82A",4,"HUMBIO",9
"HUMBIO 82B",2,"HUMBIO",10
"HUMBIO 88",2,"HUMBIO",23
"HUMBIO 89",1,"HUMBIO",17
"HUMBIO 91Q",1,"HUMBIO",9
"HUMBIO 92Q",2,"HUMBIO",12
"HUMBIO 97Q",2,"HUMBIO",1
"HUMBIO 99Q",1,"HUMBIO",24
"ILAC 108N",2,"ILAC",12
"ILAC 108N",2,"ILAC",12
"ILAC 114N",3,"ILAC",9
"ILAC 114N",3,"ILAC",9
"ILAC 157",2,"ILAC",9
"ILAC 157",2,"ILAC",9
"ILAC 161",1,"ILAC",27
"ILAC 161",1,"ILAC",27
"ILAC 193",6,"ILAC",35
"ILAC 193",6,"ILAC",35
"ILAC 224",2,"ILAC",15
"ILAC 224",2,"ILAC",15
"ILAC 241",1,"ILAC",7
"ILAC 241",1,"ILAC",7
"ILAC 329",1,"ILAC",3
"ILAC 329",1,"ILAC",3
"IMMUNOL 290",1,"IMMUNOL",4
"INDE 201",1,"INDE",91
"INDE 205",1,"INDE",103
"INDE 209B",1,"INDE",1
"INDE 220",2,"INDE",94
"INDE 225",2,"INDE",16
"INTNLREL 1",4,"INTNLREL",23
"INTNLREL 102",2,"INTNLREL",14
"INTNLREL 110D",4,"INTNLREL",8
"INTNLREL 123",2,"INTNLREL",20
"INTNLREL 136R",1,"INTNLREL",6
"INTNLREL 141A",1,"INTNLREL",18
"INTNLREL 180A",2,"INTNLREL",9
"INTNLREL 191",8,"INTNLREL",2
"IPS 204A",1,"IPS",3
"IPS 246",1,"IPS",14
"IPS 280",1,"IPS",1
"ITALIAN 101",1,"ITALIAN",39
"ITALIC 91",1,"ITALIC",85
"ITALLANG 1",3,"ITALLANG",16
"ITALLANG 126",1,"ITALLANG",31
"ITALLANG 1A",2,"ITALLANG",8
"ITALLANG 20",3,"ITALLANG",9
"ITALLANG 395",1,"ITALLANG",3
"JAPANGEN 138",2,"JAPANGEN",18
"JAPANGEN 152",3,"JAPANGEN",1
"JAPANGEN 82N",6,"JAPANGEN",14
"JAPANLIT 157",1,"JAPANLIT",5
"JAPANLIT 257",1,"JAPANLIT",5
"JAPANLNG 101",1,"JAPANLNG",13
"JAPANLNG 102",1,"JAPANLNG",8
"JAPANLNG 111C",1,"JAPANLNG",3
"JAPANLNG 21",2,"JAPANLNG",28
"JAPANLNG 22",1,"JAPANLNG",24
"JAPANLNG 23",1,"JAPANLNG",22
"JEWISHST 184",1,"JEWISHST",1
"KORLANG 23",1,"KORLANG",3
"LAW 259",1,"LAW",21
"LAW 297",1,"LAW",26
"LAW 304",1,"LAW",13
"LAW 335",2,"LAW",53
"LAW 335",2,"LAW",74
"LAW 372",1,"LAW",7
"LAW 413Z",1,"LAW",2
"LAW 414G",1,"LAW",5
"LAW 436A",1,"LAW",9
"LAW 479",1,"LAW",23
"LAW 504",1,"LAW",5
"LAW 556",2,"LAW",16
"LAW 615",15,"LAW",52
"LAW 617",1,"LAW",12
"LAW 659",1,"LAW",23
"LAW 677",1,"LAW",62
"LAW 681K",1,"LAW",7
"LAW 685",1,"LAW",39
"LAW 757",1,"LAW",15
"LAWGEN 115N",1,"LAWGEN",12
"LEAD 11B",1,"LEAD",8
"LINGUIST 1",25,"LINGUIST",74
"LINGUIST 120",2,"LINGUIST",33
"LINGUIST 121",1,"LINGUIST",12
"LINGUIST 130A",2,"LINGUIST",56
"LINGUIST 130B",2,"LINGUIST",21
"LINGUIST 130C",2,"LINGUIST",9
"LINGUIST 140",2,"LINGUIST",5
"LINGUIST 160",1,"LINGUIST",10
"LINGUIST 167",2,"LINGUIST",10
"LINGUIST 180",4,"LINGUIST",6
"LINGUIST 191",1,"LINGUIST",4
"LINGUIST 200",1,"LINGUIST",28
"LINGUIST 230B",1,"LINGUIST",3
"LINGUIST 236",1,"LINGUIST",4
"LINGUIST 246",2,"LINGUIST",17
"LINGUIST 280",1,"LINGUIST",6
"LINGUIST 284",2,"LINGUIST",1
"LINGUIST 288",1,"LINGUIST",4
"LINGUIST 47N",4,"LINGUIST",7
"MATH 101",1,"MATH",20
"MATH 104",22,"MATH",72
"MATH 106",3,"MATH",6
"MATH 108",5,"MATH",52
"MATH 109",11,"MATH",16
"MATH 110",6,"MATH",20
"MATH 113",36,"MATH",30
"MATH 115",7,"MATH",20
"MATH 120",36,"MATH",32
"MATH 121",1,"MATH",31
"MATH 122",4,"MATH",14
"MATH 131P",1,"MATH",30
"MATH 136",8,"MATH",4
"MATH 143",11,"MATH",25
"MATH 145",1,"MATH",15
"MATH 148",8,"MATH",18
"MATH 151",3,"MATH",13
"MATH 152",2,"MATH",18
"MATH 154",1,"MATH",19
"MATH 159",3,"MATH",12
"MATH 161",3,"MATH",15
"MATH 162",1,"MATH",3
"MATH 163",2,"MATH",17
"MATH 171",11,"MATH",25
"MATH 173",2,"MATH",7
"MATH 177",3,"MATH",13
"MATH 180",8,"MATH",32
"MATH 19",4,"MATH",108
"MATH 199",1,"MATH",3
"MATH 20",9,"MATH",100
"MATH 21",9,"MATH",152
"MATH 215A",3,"MATH",15
"MATH 215B",7,"MATH",13
"MATH 215C",4,"MATH",14
"MATH 217A",1,"MATH",6
"MATH 217C",2,"MATH",15
"MATH 227",1,"MATH",5
"MATH 228",1,"MATH",3
"MATH 230A",1,"MATH",5
"MATH 230C",1,"MATH",1
"MATH 236",2,"MATH",3
"MATH 237",1,"MATH",6
"MATH 238",3,"MATH",13
"MATH 245C",1,"MATH",6
"MATH 248",1,"MATH",16
"MATH 249C",2,"MATH",12
"MATH 258",1,"MATH",6
"MATH 286",1,"MATH",6
"MATH 41",3,"MATH",149
"MATH 42",3,"MATH",106
"MATH 51",49,"MATH",272
"MATH 51A",1,"MATH",18
"MATH 51H",8,"MATH",38
"MATH 51M",1,"MATH",26
"MATH 52",14,"MATH",74
"MATH 52H",6,"MATH",20
"MATH 53",28,"MATH",116
"MATH 53H",2,"MATH",15
"MATH 80Q",1,"MATH",9
"MATH 87Q",2,"MATH",14
"MATSCI 151",2,"MATSCI",3
"MATSCI 152",2,"MATSCI",17
"MATSCI 153",2,"MATSCI",16
"MATSCI 155",4,"MATSCI",12
"MATSCI 157",3,"MATSCI",15
"MATSCI 159Q",2,"MATSCI",11
"MATSCI 160",4,"MATSCI",16
"MATSCI 162",1,"MATSCI",8
"MATSCI 163",3,"MATSCI",8
"MATSCI 164",1,"MATSCI",12
"MATSCI 190",3,"MATSCI",7
"MATSCI 193",2,"MATSCI",1
"MATSCI 199",2,"MATSCI",3
"MATSCI 205",1,"MATSCI",27
"MATSCI 209",4,"MATSCI",49
"MATSCI 210",1,"MATSCI",48
"MATSCI 316",2,"MATSCI",72
"MATSCI 380",1,"MATSCI",31
"MATSCI 82N",4,"MATSCI",16
"MCS 100",1,"MCS",19
"ME 101",47,"ME",92
"ME 103D",13,"ME",66
"ME 104B",6,"ME",72
"ME 104S",1,"ME",24
"ME 110",14,"ME",84
"ME 112",6,"ME",156
"ME 113",6,"ME",48
"ME 114",1,"ME",31
"ME 115A",4,"ME",73
"ME 115B",3,"ME",62
"ME 120",12,"ME",70
"ME 131A",1,"ME",120
"ME 131B",2,"ME",108
"ME 139",1,"ME",1
"ME 140",2,"ME",97
"ME 161",4,"ME",85
"ME 177",3,"ME",8
"ME 181",3,"ME",20
"ME 191",6,"ME",25
"ME 200",3,"ME",28
"ME 203",61,"ME",84
"ME 208",1,"ME",29
"ME 210",5,"ME",125
"ME 214",1,"ME",52
"ME 216A",2,"ME",101
"ME 216B",1,"ME",59
"ME 217",7,"ME",19
"ME 218A",1,"ME",79
"ME 218D",1,"ME",11
"ME 220",2,"ME",88
"ME 225",2,"ME",39
"ME 227",4,"ME",43
"ME 231",2,"ME",4
"ME 23Q",2,"ME",3
"ME 257",2,"ME",13
"ME 261",1,"ME",9
"ME 265",1,"ME",14
"ME 281",2,"ME",41
"ME 283",2,"ME",28
"ME 292",2,"ME",18
"ME 298",1,"ME",23
"ME 300B",2,"ME",28
"ME 300C",2,"ME",22
"ME 301",1,"ME",25
"ME 302C",1,"ME",6
"ME 309",1,"ME",57
"ME 310A",1,"ME",70
"ME 310B",2,"ME",37
"ME 310C",1,"ME",37
"ME 313",7,"ME",10
"ME 314",2,"ME",55
"ME 315",2,"ME",6
"ME 317A",1,"ME",32
"ME 317B",2,"ME",32
"ME 318",4,"ME",29
"ME 320",1,"ME",38
"ME 333A",2,"ME",25
"ME 333C",1,"ME",16
"ME 339",1,"ME",3
"ME 362A",1,"ME",29
"ME 368A",1,"ME",9
"ME 368B",1,"ME",6
"ME 377",4,"ME",30
"ME 378",2,"ME",9
"ME 389",1,"ME",23
"ME 397",2,"ME",9
"ME 52SI",4,"ME",10
"ME 70",5,"ME",41
"ME 80",5,"ME",65
"MED 147",3,"MED",2
"MED 157",9,"MED",40
"MED 160",26,"MED",51
"MED 213",2,"MED",1
"MED 220",1,"MED",2
"MED 236",1,"MED",2
"MED 247",1,"MED",20
"MED 258A",1,"MED",13
"MED 271",1,"MED",3
"MED 272B",1,"MED",1
"MED 275B",3,"MED",40
"MED 289",1,"MED",7
"MED 51Q",1,"MED",4
"MED 70Q",1,"MED",8
"MED 88Q",1,"MED",12
"MGTECON 203",1,"MGTECON",51
"MGTECON 332",1,"MGTECON",20
"MGTECON 535",1,"MGTECON",18
"MGTECON 604",2,"MGTECON",25
"MGTECON 624",1,"MGTECON",4
"MGTECON 640",1,"MGTECON",33
"MKTG 532",3,"MKTG",33
"MKTG 534",1,"MKTG",28
"MKTG 542",1,"MKTG",16
"MKTG 575",2,"MKTG",62
"MKTG 661",1,"MKTG",3
"MS&E 107",4,"MS&E",127
"MS&E 111",28,"MS&E",56
"MS&E 120",2,"MS&E",92
"MS&E 121",2,"MS&E",83
"MS&E 125",3,"MS&E",38
"MS&E 140",1,"MS&E",50
"MS&E 140X",3,"MS&E",54
"MS&E 145",2,"MS&E",61
"MS&E 146",3,"MS&E",32
"MS&E 152",15,"MS&E",94
"MS&E 152W",6,"MS&E",58
"MS&E 175",4,"MS&E",58
"MS&E 178",7,"MS&E",48
"MS&E 180",10,"MS&E",101
"MS&E 181",6,"MS&E",50
"MS&E 185",2,"MS&E",20
"MS&E 189",5,"MS&E",81
"MS&E 193",4,"MS&E",191
"MS&E 197",3,"MS&E",90
"MS&E 201",9,"MS&E",29
"MS&E 211",5,"MS&E",169
"MS&E 221",3,"MS&E",97
"MS&E 223",13,"MS&E",61
"MS&E 240",2,"MS&E",48
"MS&E 241",2,"MS&E",35
"MS&E 243",2,"MS&E",28
"MS&E 245A",1,"MS&E",105
"MS&E 245G",2,"MS&E",102
"MS&E 251",7,"MS&E",32
"MS&E 252",2,"MS&E",207
"MS&E 254",19,"MS&E",21
"MS&E 256A",1,"MS&E",5
"MS&E 257",2,"MS&E",10
"MS&E 257A",1,"MS&E",11
"MS&E 260",6,"MS&E",53
"MS&E 261",3,"MS&E",47
"MS&E 262",4,"MS&E",32
"MS&E 263",3,"MS&E",18
"MS&E 264",1,"MS&E",22
"MS&E 268",8,"MS&E",35
"MS&E 270",2,"MS&E",63
"MS&E 271",8,"MS&E",88
"MS&E 274",2,"MS&E",61
"MS&E 276",6,"MS&E",42
"MS&E 277",9,"MS&E",33
"MS&E 278",2,"MS&E",18
"MS&E 279B",1,"MS&E",4
"MS&E 280",9,"MS&E",46
"MS&E 282",7,"MS&E",29
"MS&E 284",1,"MS&E",15
"MS&E 316",1,"MS&E",6
"MS&E 317",2,"MS&E",8
"MS&E 321",2,"MS&E",10
"MS&E 331",2,"MS&E",35
"MS&E 335",1,"MS&E",2
"MS&E 337",2,"MS&E",13
"MS&E 401",1,"MS&E",4
"MS&E 403",1,"MS&E",8
"MS&E 41",49,"MS&E",112
"MS&E 445",5,"MS&E",14
"MS&E 448",1,"MS&E",27
"MS&E 450",5,"MS&E",45
"MS&E 452",3,"MS&E",5
"MS&E 467",1,"MS&E",7
"MS&E 472",44,"MS&E",321
"MS&E 476",2,"MS&E",21
"MS&E 488",1,"MS&E",14
"MS&E 489",2,"MS&E",3
"MS&E 490",1,"MS&E",10
"MS&E 93Q",1,"MS&E",12
"MUSIC 102",2,"MUSIC",7
"MUSIC 11Q",3,"MUSIC",16
"MUSIC 122B",1,"MUSIC",15
"MUSIC 12A",20,"MUSIC",22
"MUSIC 12C",5,"MUSIC",5
"MUSIC 145J",1,"MUSIC",5
"MUSIC 154C",1,"MUSIC",17
"MUSIC 15N",1,"MUSIC",13
"MUSIC 160",5,"MUSIC",66
"MUSIC 161C",6,"MUSIC",55
"MUSIC 171",4,"MUSIC",99
"MUSIC 172A",15,"MUSIC",26
"MUSIC 173",1,"MUSIC",22
"MUSIC 175F",5,"MUSIC",8
"MUSIC 175H",3,"MUSIC",4
"MUSIC 177A",1,"MUSIC",5
"MUSIC 17Q",6,"MUSIC",10
"MUSIC 186B",1,"MUSIC",4
"MUSIC 18A",1,"MUSIC",33
"MUSIC 18B",6,"MUSIC",31
"MUSIC 19B",1,"MUSIC",26
"MUSIC 21",2,"MUSIC",24
"MUSIC 22",2,"MUSIC",12
"MUSIC 220A",1,"MUSIC",46
"MUSIC 220B",1,"MUSIC",14
"MUSIC 220C",1,"MUSIC",9
"MUSIC 222",1,"MUSIC",8
"MUSIC 23",3,"MUSIC",12
"MUSIC 251",1,"MUSIC",16
"MUSIC 256A",1,"MUSIC",18
"MUSIC 257",5,"MUSIC",36
"MUSIC 272B",1,"MUSIC",3
"MUSIC 275H",1,"MUSIC",1
"MUSIC 40",1,"MUSIC",13
"MUSIC 42",4,"MUSIC",14
"MUSIC 420A",2,"MUSIC",10
"MUSIC 424",1,"MUSIC",18
"MUSIC 451A",1,"MUSIC",5
"MUSIC 5G",1,"MUSIC",9
"MUSIC 5GZ",1,"MUSIC",2
"MUSIC 65A",23,"MUSIC",29
"MUSIC 65B",1,"MUSIC",6
"MUSIC 6F",1,"MUSIC",7
"MUSIC 72D",2,"MUSIC",4
"MUSIC 73",2,"MUSIC",7
"MUSIC 74C",24,"MUSIC",14
"MUSIC 8A",18,"MUSIC",176
"NATIVEAM 200W",4,"NATIVEAM",22
"NBIO 101",4,"NBIO",20
"NBIO 206",4,"NBIO",122
"NBIO 218",6,"NBIO",1
"NBIO 228",2,"NBIO",21
"NENS 199",1,"NENS",7
"NSUR 200SI",1,"NSUR",11
"OB 324",1,"OB",57
"OB 336",1,"OB",30
"OB 363",1,"OB",60
"OB 547",1,"OB",57
"OB 581",1,"OB",80
"OB 622",1,"OB",11
"OIT 537",2,"OIT",23
"ORALCOMM 115",3,"ORALCOMM",15
"ORALCOMM 215",2,"ORALCOMM",6
"ORTHO 210",1,"ORTHO",3
"ORTHO 290",1,"ORTHO",3
"ORTHO 97Q",1,"ORTHO",18
"OSPBEIJ 17",1,"OSPBEIJ",4
"OSPBER 126X",1,"OSPBER",13
"OSPBER 174",1,"OSPBER",6
"OSPBER 199F",1,"OSPBER",2
"OSPBER 1Z",6,"OSPBER",21
"OSPBER 21B",4,"OSPBER",4
"OSPBER 2Z",1,"OSPBER",15
"OSPBER 66",1,"OSPBER",1
"OSPCPTWN 43",1,"OSPCPTWN",10
"OSPFLOR 54",1,"OSPFLOR",9
"OSPFLOR 71",1,"OSPFLOR",4
"OSPKYOTO 27",1,"OSPKYOTO",12
"OSPMADRD 14",7,"OSPMADRD",35
"OSPMADRD 46",2,"OSPMADRD",13
"OSPOXFRD 22",1,"OSPOXFRD",7
"OSPOXFRD 24",4,"OSPOXFRD",4
"OSPPARIS 125P",2,"OSPPARIS",2
"OSPPARIS 24",5,"OSPPARIS",30
"OSPPARIS 34",1,"OSPPARIS",9
"OSPPARIS 40P",1,"OSPPARIS",6
"OSPPARIS 50M",2,"OSPPARIS",2
"OSPPARIS 92",1,"OSPPARIS",29
"OSPSANTG 119X",1,"OSPSANTG",3
"OSPSANTG 29",1,"OSPSANTG",3
"OSPSANTG 32",1,"OSPSANTG",5
"OSPSANTG 33",1,"OSPSANTG",10
"OSPSANTG 58",2,"OSPSANTG",5
"OSPSANTG 68",1,"OSPSANTG",11
"OSPSANTG 85",1,"OSPSANTG",9
"OUTDOOR 300",1,"OUTDOOR",4
"OUTDOOR 330",4,"OUTDOOR",21
"OUTDOOR 401",5,"OUTDOOR",12
"OUTDOOR 405",3,"OUTDOOR",36
"PATH 101",1,"PATH",2
"PATH 103Q",1,"PATH",6
"PATH 290",1,"PATH",1
"PE 109",4,"PE",36
"PE 113",1,"PE",16
"PE 116",1,"PE",8
"PE 128",1,"PE",17
"PE 138",1,"PE",16
"PE 144",2,"PE",56
"PE 146",10,"PE",59
"PE 151",2,"PE",52
"PE 169",1,"PE",27
"PE 17",1,"PE",22
"PE 173",1,"PE",15
"PE 174",1,"PE",18
"PE 176",2,"PE",10
"PE 180",2,"PE",27
"PE 181",1,"PE",30
"PE 182",1,"PE",81
"PE 183",1,"PE",25
"PE 184",2,"PE",51
"PE 185",1,"PE",23
"PE 2",1,"PE",27
"PE 3",1,"PE",11
"PE 30",1,"PE",30
"PE 58",1,"PE",14
"PE 63",1,"PE",21
"PE 87",1,"PE",5
"PE 90",1,"PE",19
"PE 98",3,"PE",22
"PE 99",2,"PE",15
"PEDS 106",5,"PEDS",24
"PEDS 202A",1,"PEDS",8
"PEDS 212",1,"PEDS",2
"PEDS 213",10,"PEDS",4
"PEDS 51N",2,"PEDS",20
"PHIL 1",17,"PHIL",165
"PHIL 102",4,"PHIL",38
"PHIL 125",1,"PHIL",3
"PHIL 12N",5,"PHIL",9
"PHIL 151",6,"PHIL",57
"PHIL 152",6,"PHIL",16
"PHIL 154",4,"PHIL",14
"PHIL 165",2,"PHIL",13
"PHIL 167D",1,"PHIL",12
"PHIL 170",1,"PHIL",31
"PHIL 173W",3,"PHIL",23
"PHIL 180",3,"PHIL",12
"PHIL 184",1,"PHIL",11
"PHIL 184V",1,"PHIL",4
"PHIL 194L",1,"PHIL",16
"PHIL 197I",2,"PHIL",13
"PHIL 2",2,"PHIL",121
"PHIL 23W",2,"PHIL",6
"PHIL 23Y",1,"PHIL",3
"PHIL 251",1,"PHIL",5
"PHIL 254",3,"PHIL",3
"PHIL 265",3,"PHIL",3
"PHIL 270",1,"PHIL",2
"PHIL 273W",2,"PHIL",7
"PHIL 305R",1,"PHIL",2
"PHIL 359",1,"PHIL",8
"PHIL 388",2,"PHIL",5
"PHIL 50",12,"PHIL",36
"PHIL 60",1,"PHIL",48
"PHIL 72",2,"PHIL",16
"PHIL 73",4,"PHIL",12
"PHIL 76",3,"PHIL",9
"PHIL 80",24,"PHIL",82
"PHIL 81",2,"PHIL",29
"PHYSICS 100",5,"PHYSICS",13
"PHYSICS 105",4,"PHYSICS",59
"PHYSICS 107",1,"PHYSICS",36
"PHYSICS 110",3,"PHYSICS",40
"PHYSICS 112",1,"PHYSICS",24
"PHYSICS 113",2,"PHYSICS",16
"PHYSICS 120",5,"PHYSICS",55
"PHYSICS 121",2,"PHYSICS",52
"PHYSICS 130",1,"PHYSICS",50
"PHYSICS 131",1,"PHYSICS",41
"PHYSICS 15",4,"PHYSICS",37
"PHYSICS 152",3,"PHYSICS",7
"PHYSICS 16",3,"PHYSICS",75
"PHYSICS 161",1,"PHYSICS",3
"PHYSICS 17",5,"PHYSICS",58
"PHYSICS 170",1,"PHYSICS",48
"PHYSICS 171",2,"PHYSICS",37
"PHYSICS 172",1,"PHYSICS",9
"PHYSICS 21",3,"PHYSICS",338
"PHYSICS 220",2,"PHYSICS",69
"PHYSICS 23",1,"PHYSICS",401
"PHYSICS 230",1,"PHYSICS",52
"PHYSICS 231",1,"PHYSICS",49
"PHYSICS 24",1,"PHYSICS",302
"PHYSICS 25",1,"PHYSICS",228
"PHYSICS 271",1,"PHYSICS",37
"PHYSICS 41",12,"PHYSICS",1111
"PHYSICS 41A",1,"PHYSICS",125
"PHYSICS 43",24,"PHYSICS",916
"PHYSICS 44",6,"PHYSICS",302
"PHYSICS 45",9,"PHYSICS",566
"PHYSICS 50",2,"PHYSICS",37
"PHYSICS 61",4,"PHYSICS",108
"PHYSICS 62",1,"PHYSICS",84
"PHYSICS 63",1,"PHYSICS",92
"PHYSICS 65",1,"PHYSICS",66
"PHYSICS 67",1,"PHYSICS",94
"PHYSICS 70",2,"PHYSICS",48
"POLECON 680",1,"POLECON",7
"POLECON 682",1,"POLECON",4
"POLISCI 1",29,"POLISCI",62
"POLISCI 110D",33,"POLISCI",43
"POLISCI 110G",1,"POLISCI",27
"POLISCI 110Y",10,"POLISCI",105
"POLISCI 114S",4,"POLISCI",120
"POLISCI 116",11,"POLISCI",19
"POLISCI 120C",2,"POLISCI",18
"POLISCI 122",1,"POLISCI",56
"POLISCI 123",2,"POLISCI",3
"POLISCI 124A",3,"POLISCI",21
"POLISCI 131A",4,"POLISCI",8
"POLISCI 136R",5,"POLISCI",10
"POLISCI 147P",5,"POLISCI",18
"POLISCI 148",2,"POLISCI",11
"POLISCI 149S",4,"POLISCI",25
"POLISCI 155",1,"POLISCI",3
"POLISCI 2",4,"POLISCI",41
"POLISCI 210G",2,"POLISCI",13
"POLISCI 213S",1,"POLISCI",11
"POLISCI 216",1,"POLISCI",18
"POLISCI 226T",1,"POLISCI",14
"POLISCI 227",2,"POLISCI",20
"POLISCI 236",2,"POLISCI",16
"POLISCI 245R",2,"POLISCI",8
"POLISCI 246P",1,"POLISCI",5
"POLISCI 259",1,"POLISCI",1
"POLISCI 292",1,"POLISCI",9
"POLISCI 316",1,"POLISCI",1
"POLISCI 350C",5,"POLISCI",32
"POLISCI 353A",1,"POLISCI",10
"POLISCI 356A",1,"POLISCI",10
"POLISCI 4",22,"POLISCI",58
"POLISCI 433",1,"POLISCI",7
"PSYC 135",50,"PSYC",188
"PSYC 136B",2,"PSYC",42
"PSYC 139",27,"PSYC",10
"PSYC 225",6,"PSYC",7
"PSYC 233",2,"PSYC",30
"PSYC 239",1,"PSYC",8
"PSYC 50Q",1,"PSYC",14
"PSYC 51Q",2,"PSYC",10
"PSYC 52Q",1,"PSYC",11
"PSYC 53Q",2,"PSYC",16
"PSYC 70N",1,"PSYC",11
"PSYCH 1",71,"PSYCH",264
"PSYCH 10",2,"PSYCH",18
"PSYCH 101",4,"PSYCH",70
"PSYCH 103",1,"PSYCH",78
"PSYCH 105",5,"PSYCH",19
"PSYCH 108",1,"PSYCH",55
"PSYCH 120",1,"PSYCH",22
"PSYCH 121",3,"PSYCH",12
"PSYCH 12N",2,"PSYCH",14
"PSYCH 131",2,"PSYCH",52
"PSYCH 134",1,"PSYCH",13
"PSYCH 138",3,"PSYCH",81
"PSYCH 141",1,"PSYCH",41
"PSYCH 146",4,"PSYCH",12
"PSYCH 147",1,"PSYCH",14
"PSYCH 150",2,"PSYCH",12
"PSYCH 150B",1,"PSYCH",4
"PSYCH 152",1,"PSYCH",23
"PSYCH 154",10,"PSYCH",14
"PSYCH 155",1,"PSYCH",70
"PSYCH 175",1,"PSYCH",12
"PSYCH 192",3,"PSYCH",20
"PSYCH 202",3,"PSYCH",46
"PSYCH 204",5,"PSYCH",37
"PSYCH 204A",3,"PSYCH",23
"PSYCH 204B",3,"PSYCH",9
"PSYCH 207",1,"PSYCH",12
"PSYCH 209",4,"PSYCH",15
"PSYCH 216",3,"PSYCH",19
"PSYCH 221",3,"PSYCH",26
"PSYCH 231",1,"PSYCH",9
"PSYCH 232",10,"PSYCH",14
"PSYCH 246",1,"PSYCH",3
"PSYCH 251",2,"PSYCH",8
"PSYCH 253",1,"PSYCH",22
"PSYCH 254",2,"PSYCH",22
"PSYCH 265",1,"PSYCH",14
"PSYCH 266",1,"PSYCH",6
"PSYCH 280",2,"PSYCH",12
"PSYCH 282",1,"PSYCH",11
"PSYCH 30",4,"PSYCH",274
"PSYCH 45",26,"PSYCH",165
"PSYCH 50",4,"PSYCH",159
"PSYCH 60A",1,"PSYCH",12
"PSYCH 60B",1,"PSYCH",62
"PSYCH 70",46,"PSYCH",285
"PSYCH 80",15,"PSYCH",158
"PSYCH 90",1,"PSYCH",66
"PSYCH 95",3,"PSYCH",70
"PSYCH 9N",1,"PSYCH",11
"PUBLPOL 101",6,"PUBLPOL",16
"PUBLPOL 103C",1,"PUBLPOL",20
"PUBLPOL 104",3,"PUBLPOL",12
"PUBLPOL 106",1,"PUBLPOL",25
"PUBLPOL 122",17,"PUBLPOL",118
"PUBLPOL 134",5,"PUBLPOL",36
"PUBLPOL 135",1,"PUBLPOL",6
"PUBLPOL 156",3,"PUBLPOL",21
"PUBLPOL 201",1,"PUBLPOL",3
"PUBLPOL 220",1,"PUBLPOL",3
"PUBLPOL 222",1,"PUBLPOL",11
"PUBLPOL 231",1,"PUBLPOL",4
"PUBLPOL 234",1,"PUBLPOL",5
"PUBLPOL 242",1,"PUBLPOL",18
"PUBLPOL 305B",2,"PUBLPOL",22
"PUBLPOL 353",2,"PUBLPOL",10
"PUBLPOL 55N",3,"PUBLPOL",13
"PWR 1EE",1,"PWR",30
"PWR 1GMA",1,"PWR",15
"PWR 1RL",1,"PWR",25
"PWR 2CK",1,"PWR",25
"PWR 2CW",1,"PWR",25
"PWR 2GAW",3,"PWR",28
"PWR 2PB",3,"PWR",30
"PWR 2SBA",1,"PWR",14
"PWR 2ST",1,"PWR",14
"RAD 220",2,"RAD",7
"RAD 226",1,"RAD",2
"RAD 260",1,"RAD",2
"RELIGST 1",1,"RELIGST",27
"RELIGST 143",1,"RELIGST",9
"RELIGST 17N",1,"RELIGST",16
"RELIGST 2",1,"RELIGST",14
"RELIGST 20A",1,"RELIGST",10
"RELIGST 255",1,"RELIGST",4
"RELIGST 28SI",1,"RELIGST",5
"RELIGST 71",1,"RELIGST",7
"SBIO 225",1,"SBIO",1
"SIW 103",1,"SIW",7
"SIW 107",4,"SIW",11
"SIW 182",1,"SIW",5
"SLAVLANG 1",1,"SLAVLANG",12
"SLAVLANG 1A",1,"SLAVLANG",5
"SLE 91",4,"SLE",191
"SLE 92",2,"SLE",94
"SLE 93",4,"SLE",104
"SOC 114",1,"SOC",80
"SOC 118",1,"SOC",19
"SOC 134",2,"SOC",22
"SOC 145",4,"SOC",19
"SOC 160",2,"SOC",25
"SOC 164",2,"SOC",11
"SOC 170",1,"SOC",15
"SOC 180A",2,"SOC",15
"SOC 180B",1,"SOC",19
"SOC 245",1,"SOC",7
"SOC 264",1,"SOC",4
"SPANLANG 1",22,"SPANLANG",47
"SPANLANG 11C",1,"SPANLANG",21
"SPANLANG 13R",1,"SPANLANG",13
"SPANLANG 15",4,"SPANLANG",23
"SPANLANG 2",5,"SPANLANG",61
"SPANLANG 2A",1,"SPANLANG",55
"SPANLANG 3",6,"SPANLANG",78
"SPECLANG 150A",1,"SPECLANG",13
"SPECLANG 170C",1,"SPECLANG",1
"SPECLANG 178A",1,"SPECLANG",48
"SPECLANG 178C",1,"SPECLANG",39
"STATS 110",6,"STATS",65
"STATS 116",22,"STATS",110
"STATS 141",5,"STATS",86
"STATS 160",3,"STATS",4
"STATS 191",1,"STATS",80
"STATS 195",11,"STATS",17
"STATS 200",17,"STATS",128
"STATS 202",14,"STATS",182
"STATS 203",12,"STATS",29
"STATS 206",1,"STATS",10
"STATS 207",1,"STATS",35
"STATS 208",2,"STATS",19
"STATS 209",1,"STATS",11
"STATS 216",1,"STATS",164
"STATS 217",1,"STATS",49
"STATS 218",4,"STATS",42
"STATS 219",2,"STATS",8
"STATS 222",1,"STATS",11
"STATS 240",4,"STATS",51
"STATS 270",6,"STATS",3
"STATS 290",1,"STATS",36
"STATS 300A",1,"STATS",41
"STATS 300B",1,"STATS",21
"STATS 300C",3,"STATS",20
"STATS 305",2,"STATS",88
"STATS 306A",1,"STATS",25
"STATS 306B",4,"STATS",60
"STATS 310A",2,"STATS",32
"STATS 313",1,"STATS",8
"STATS 315A",1,"STATS",118
"STATS 315B",7,"STATS",269
"STATS 345",2,"STATS",15
"STATS 362",5,"STATS",28
"STATS 370",1,"STATS",15
"STATS 50",1,"STATS",13
"STATS 60",27,"STATS",231
"STEMREM 280",1,"STEMREM",3
"STRAMGT 110Q",2,"STRAMGT",20
"STRAMGT 313",1,"STRAMGT",26
"STRAMGT 323",2,"STRAMGT",22
"STRAMGT 353",1,"STRAMGT",106
"STRAMGT 354",1,"STRAMGT",114
"STRAMGT 359",2,"STRAMGT",70
"STRAMGT 516",2,"STRAMGT",51
"STRAMGT 532",1,"STRAMGT",10
"STS 1",4,"STS",149
"STS 140",1,"STS",13
"STS 200A",1,"STS",20
"STS 200F",1,"STS",21
"SURG 101",2,"SURG",68
"SURG 110",1,"SURG",34
"SURG 122",1,"SURG",1
"SURG 203A",1,"SURG",94
"SURG 203B",3,"SURG",94
"SURG 210A",1,"SURG",8
"SURG 222",4,"SURG",22
"SURG 223",2,"SURG",29
"SURG 224",1,"SURG",44
"SURG 231",1,"SURG",15
"SURG 248",1,"SURG",10
"SURG 251B",2,"SURG",9
"SYMSYS 100",3,"SYMSYS",115
"SYMSYS 122",1,"SYMSYS",5
"SYMSYS 161",1,"SYMSYS",52
"SYMSYS 203",1,"SYMSYS",11
"TAPS 103",5,"TAPS",38
"TAPS 103",5,"TAPS",38
"TAPS 105V",2,"TAPS",10
"TAPS 105V",2,"TAPS",10
"TAPS 115",1,"TAPS",13
"TAPS 115",1,"TAPS",13
"TAPS 120A",2,"TAPS",15
"TAPS 120A",2,"TAPS",15
"TAPS 127",1,"TAPS",5
"TAPS 127",1,"TAPS",5
"TAPS 131",4,"TAPS",3
"TAPS 131",4,"TAPS",3
"TAPS 132",2,"TAPS",2
"TAPS 132",2,"TAPS",2
"TAPS 134",2,"TAPS",4
"TAPS 134",2,"TAPS",4
"TAPS 152D",1,"TAPS",1
"TAPS 152D",1,"TAPS",1
"TAPS 159G",1,"TAPS",2
"TAPS 159G",1,"TAPS",2
"TAPS 181Q",1,"TAPS",6
"TAPS 181Q",1,"TAPS",6
"TAPS 20",4,"TAPS",19
"TAPS 20",4,"TAPS",19
"TAPS 223",2,"TAPS",8
"TAPS 223",2,"TAPS",8
"TAPS 23",3,"TAPS",8
"TAPS 23",3,"TAPS",8
"TAPS 254",1,"TAPS",4
"TAPS 254",1,"TAPS",4
"TAPS 359",1,"TAPS",9
"TAPS 359",1,"TAPS",9
"THINK 11",1,"THINK",108
"THINK 12",2,"THINK",66
"THINK 15",3,"THINK",210
"THINK 19",4,"THINK",170
"THINK 21",1,"THINK",40
"THINK 23",2,"THINK",202
"THINK 42",3,"THINK",104
"THINK 43",1,"THINK",118
"THINK 45",1,"THINK",120
"THINK 49",2,"THINK",220
"THINK 9",1,"THINK",146
"URBANST 103",1,"URBANST",12
"URBANST 110",21,"URBANST",50
"URBANST 114",1,"URBANST",2
"URBANST 131",26,"URBANST",93
"URBANST 132",1,"URBANST",17
"URBANST 133",2,"URBANST",6
"URBANST 163",1,"URBANST",6
"URBANST 164",1,"URBANST",9
"WELLNESS 190",1,"WELLNESS",25
"WELLNESS 191",1,"WELLNESS",9
"WELLNESS 192",4,"WELLNESS",16
"WELLNESS 195",2,"WELLNESS",25
"WELLNESS 197",3,"WELLNESS",18
"WELLNESS 198",1,"WELLNESS",34
"WELLNESS 205",4,"WELLNESS",34
"WELLNESS 207",1,"WELLNESS",28
"WELLNESS 215",3,"WELLNESS",14
"WELLNESS 220",1,"WELLNESS",4
